{"cameraMode":{"drawMode":0,"name":"Shaded","section":"Shading Mode"},"sceneLighting":true,"audioPlay":false,"sceneViewState":{"showFog":true,"showMaterialUpdate":false,"showSkybox":true,"showFlares":true,"showImageEffects":true,"showParticleSystems":true},"in2DMode":false,"pivot":{"x":-178.1024169921875,"y":-52.56666564941406,"z":-8.83051872253418},"rotation":{"x":-0.09921155869960785,"y":0.7165314555168152,"z":-0.10410993546247482,"w":-0.6825859546661377},"size":198.39134216308595,"orthographic":false}