{"cameraMode":{"drawMode":0,"name":"Shaded","section":"Shading Mode"},"sceneLighting":true,"audioPlay":false,"sceneViewState":{"showFog":true,"showMaterialUpdate":false,"showSkybox":true,"showFlares":true,"showImageEffects":true,"showParticleSystems":true},"in2DMode":false,"pivot":{"x":-63.166839599609378,"y":-66.77288818359375,"z":5.317755222320557},"rotation":{"x":0.2879495918750763,"y":-0.6235541701316834,"z":0.265322208404541,"w":0.6766740083694458},"size":96.2968521118164,"orthographic":false}